address_id ,address_line1,address_line2,city,state,country
300,19,Mosinee,Hartford,Connecticut,United States
301,83,Randy,Topeka,Kansas,United States
302,7,Toban,New York City,New York,United States
303,29,Vahlen,Fresno,California,United States
304,32,Charing Cross,Santa Fe,New Mexico,United States
305,21,Waxwing,Anchorage,Alaska,United States
306,68,Kennedy,New York City,New York,United States
307,20,Mccormick,Amarillo,Texas,United States
308,3,Grover,Cleveland,Ohio,United States
309,85,Upham,San Francisco,California,United States
310,36,Heffernan,Columbus,Ohio,United States
311,83,Hoard,Dayton,Ohio,United States
312,40,Di Loreto,Peoria,Illinois,United States
313,77,Bay,Fort Worth,Texas,United States
314,62,Caliangt,Washington,District of Columbia,United States
315,45,Kingsford,Detroit,Michigan,United States
316,6,Crest Line,Orlando,Florida,United States
317,17,Del Sol,Washington,District of Columbia,United States
318,95,Declaration,Fort Myers,Florida,United States
319,94,Bowman,Tyler,Texas,United States
320,43,Kim,Topeka,Kansas,United States
321,32,Gulseth,Kansas City,Missouri,United States
322,60,Meadow Ridge,El Paso,Texas,United States
323,42,La Follette,Orlando,Florida,United States
324,31,Lindbergh,Kansas City,Missouri,United States
325,9,Laurel,Lexington,Kentucky,United States
326,7,5th,Kansas City,Missouri,United States
327,96,Reindahl,Clearwater,Florida,United States
328,69,Washington,Oklahoma City,Oklahoma,United States
329,67,Bartelt,Panama City,Florida,United States
330,13,Hallows,El Paso,Texas,United States
331,22,Russell,Charlotte,North Carolina,United States
332,4,Ridgeview,Houston,Texas,United States
333,8,Lotheville,El Paso,Texas,United States
334,74,Paget,New York City,New York,United States
335,47,Hollow Ridge,Saint Paul,Minnesota,United States
336,43,Schurz,Prescott,Arizona,United States
337,13,Eastlawn,Corpus Christi,Texas,United States
338,65,Hintze,Pittsburgh,Pennsylvania,United States
339,77,Prentice,Dayton,Ohio,United States
340,98,High Crossing,Louisville,Kentucky,United States
341,16,Superior,Durham,North Carolina,United States
342,2,Gateway,Buffalo,New York,United States
343,77,Blaine,Atlanta,Georgia,United States
344,41,5th,Daytona Beach,Florida,United States
345,48,Southridge,Seattle,Washington,United States
346,11,Tennessee,Saint Louis,Missouri,United States
347,20,Meadow Ridge,Canton,Ohio,United States
348,5,Kropf,Pensacola,Florida,United States
349,68,Morrow,Salem,Oregon,United States
350,44,Fallview,Suffolk,Virginia,United States
351,69,Arapahoe,Springfield,Illinois,United States
352,31,Main,Bridgeport,Connecticut,United States
353,3,Anthes,Duluth,Georgia,United States
354,87,Northview,Palmdale,California,United States
355,95,Vidon,Asheville,North Carolina,United States
356,70,Hazelcrest,Vero Beach,Florida,United States
357,48,Huxley,Berkeley,California,United States
358,48,Ryan,Las Vegas,Nevada,United States
359,65,Moulton,Fairfax,Virginia,United States
360,32,Chive,Anaheim,California,United States
361,15,Mifflin,Bonita Springs,Florida,United States
362,60,Eggendart,Fairbanks,Alaska,United States
363,40,Aberg,Helena,Montana,United States
364,5,Rieder,New Orleans,Louisiana,United States
365,70,Scott,Gary,Indiana,United States
366,14,Onsgard,Louisville,Kentucky,United States
367,8,Esker,Dallas,Texas,United States
368,35,Dryden,Orange,California,United States
369,42,Forest Run,Garland,Texas,United States
370,35,Melrose,Kalamazoo,Michigan,United States
371,70,Sundown,Van Nuys,California,United States
372,54,Northridge,Colorado Springs,Colorado,United States
373,45,West,Fresno,California,United States
374,46,Hudson,Tampa,Florida,United States
375,33,John Wall,Austin,Texas,United States
376,12,Northland,Houston,Texas,United States
377,78,Old Shore,New Orleans,Louisiana,United States
378,52,Del Mar,Jackson,Tennessee,United States
379,11,Almo,San Diego,California,United States
380,86,2nd,Los Angeles,California,United States
381,10,Service,Austin,Texas,United States
382,85,Luster,Springfield,Illinois,United States
383,25,Kedzie,Norfolk,Virginia,United States
384,19,Randy,Erie,Pennsylvania,United States
385,94,6th,Schaumburg,Illinois,United States
386,32,Forest Run,Louisville,Kentucky,United States
387,6,Eastwood,Rochester,New York,United States
388,24,Caliangt,Lansing,Michigan,United States
389,25,Longview,Shreveport,Louisiana,United States
390,20,Loeprich,Dallas,Texas,United States
391,6,West,Oklahoma City,Oklahoma,United States
392,63,3rd,Boise,Idaho,United States
393,100,Vera,Detroit,Michigan,United States
394,5,Union,Lees Summit,Missouri,United States
395,3,Heath,San Angelo,Texas,United States
396,37,Marquette,Charlotte,North Carolina,United States
397,72,Lakeland,Norwalk,Connecticut,United States
398,51,Lindbergh,Danbury,Connecticut,United States
399,90,Jackson,Anaheim,California,United States
