CONTACT_ID,EMAIL,PHONE_NUMBER
700,cvanner0@salon.com,+351 839 323 7006
701,mprendeguest1@1688.com,+1 720 686 8921
702,tgribbins2@posterous.com,+1 305 911 9828
703,ecarnock3@nationalgeographic.com,+46 646 524 2564
704,cgalpen4@smh.com.au,+264 298 576 6849
705,chalton5@nasa.gov,+254 381 348 1479
706,tungerer6@naver.com,+81 186 931 2229
707,vlavender7@google.pl,+33 468 785 6854
708,ksherar8@nifty.com,+380 988 191 2579
709,pdowner9@hc360.com,+86 172 190 7616
710,kgrcica@amazon.co.jp,+63 501 666 3186
711,alateb@china.com.cn,+33 238 477 5492
712,sgallyhaockc@yellowbook.com,+7 149 599 4005
713,sdingd@t.co,+1 296 944 7023
714,egloucestere@amazon.de,+381 197 990 5490
715,briguardf@google.com.au,+48 690 951 0227
716,kottoseng@nba.com,+57 960 282 5771
717,ikhotlerh@myspace.com,+962 181 163 8832
718,rdreusi@tinyurl.com,+52 228 927 1174
719,sconstantj@furl.net,+62 651 227 1640
720,gblowickk@ucoz.ru,+1 214 666 0684
721,agullifordl@abc.net.au,+86 659 805 9542
722,mwhaleym@theglobeandmail.com,+36 474 524 4627
723,glundyn@youtube.com,+62 116 713 9964
724,dmeaghero@tmall.com,+994 675 340 3135
725,dlogsdalep@devhub.com,+92 377 107 3301
726,bstclairq@gizmodo.com,+86 959 164 3481
727,agethinr@nhs.uk,+1 634 443 9547
728,dcollabines@instagram.com,+48 348 980 3121
729,rlefevret@shinystat.com,+7 818 153 6081
730,scummingu@zimbio.com,+86 250 117 3558
731,ncaccavalev@whitehouse.gov,+234 920 494 7543
732,bparrotw@printfriendly.com,+46 411 468 9473
733,jminocchix@pagesperso-orange.fr,+261 974 197 2628
734,kthorouggoody@columbia.edu,+1 696 277 6349
735,wbottrellz@state.tx.us,+53 144 870 5792
736,rcater10@newyorker.com,+7 280 165 0477
737,cshorbrook11@alexa.com,+380 558 953 1467
738,oboecke12@163.com,+55 302 454 5742
739,cwoodhouse13@friendfeed.com,+27 816 932 5133
740,eandrey14@wordpress.org,+33 860 609 6063
741,acharlo15@pbs.org,+63 663 230 2388
742,sbrocklehurst16@cornell.edu,+55 270 581 4680
743,tbowlands17@noaa.gov,+30 731 521 7997
744,dlimming18@nytimes.com,+48 178 472 2778
745,rroux19@theguardian.com,+92 639 263 2547
746,obailes1a@amazon.co.uk,+86 967 898 8718
747,fdarke1b@fastcompany.com,+7 192 277 0442
748,ffoyston1c@cornell.edu,+7 494 951 2969
749,bdainter1d@prlog.org,+506 373 476 1273
750,bwormleighton1e@hibu.com,+86 417 355 5177
751,dwoolcocks1f@blogspot.com,+51 661 873 4213
752,nshorter1g@bbc.co.uk,+62 760 586 4685
753,rhydes1h@latimes.com,+86 489 994 3110
754,ematskevich1i@japanpost.jp,+880 877 481 0895
755,jtours1j@scribd.com,+46 536 424 9231
756,bwesgate1k@umich.edu,+46 299 107 0257
757,hshawyers1l@eventbrite.com,+62 758 679 9379
758,kmoffat1m@posterous.com,+381 706 795 7061
759,jjaquiss1n@t.co,+54 518 185 4991
760,dfolonin1o@ihg.com,+420 358 707 6308
761,gstrongman1p@multiply.com,+33 913 290 5303
762,anortunen1q@goo.ne.jp,+351 533 535 9522
763,ccalvie1r@mayoclinic.com,+86 149 813 7159
764,sgringley1s@addthis.com,+380 723 639 1719
765,lcalcott1t@bravesites.com,+359 296 668 6311
766,nmonini1u@pinterest.com,+234 376 930 9263
767,plarsen1v@bing.com,+98 281 854 3804
768,rreis1w@arizona.edu,+86 559 997 8224
769,aadin1x@digg.com,+41 734 868 1261
770,sdowsett1y@ted.com,+63 419 966 3901
771,lullett1z@i2i.jp,+58 145 518 2242
772,rarderne20@nih.gov,+62 194 578 8995
773,ttackes21@geocities.com,+351 277 595 2937
774,nmayoral22@guardian.co.uk,+7 846 522 0537
775,svirgo23@cnet.com,+420 221 607 3211
776,fife24@comcast.net,+81 825 409 9335
777,scroft25@columbia.edu,+351 137 644 0707
778,egawith26@studiopress.com,+62 919 817 7450
779,kgelland27@cornell.edu,+1 826 940 6841
780,wstutely28@seattletimes.com,+263 924 629 2501
781,gbuller29@telegraph.co.uk,+62 221 346 4375
782,ccamel2a@4shared.com,+43 285 634 5977
783,ozavattari2b@canalblog.com,+63 248 353 0053
784,lburd2c@stumbleupon.com,+86 824 342 0383
785,landrat2d@wikipedia.org,+62 648 784 3142
786,paggas2e@csmonitor.com,+86 651 827 0219
787,dbeavington2f@bigcartel.com,+509 799 622 0828
788,rfrushard2g@noaa.gov,+86 650 752 1852
789,bhighton2h@ycombinator.com,+1 212 561 4000
790,gbareford2i@ca.gov,+86 425 512 1481
791,acull2j@twitter.com,+48 956 492 4773
792,mparkinson2k@posterous.com,+371 348 564 7441
793,gfyfield2l@jugem.jp,+381 864 307 8090
794,bgoter2m@feedburner.com,+7 320 328 9351
795,amclarnon2n@taobao.com,+351 821 795 4701
796,mwingham2o@amazonaws.com,+355 558 940 0985
797,tsmolan2p@nih.gov,+386 789 337 8855
798,atrineman2q@fda.gov,+30 576 101 2013
799,sglanton2r@360.cn,+86 184 574 6676
