position_id,position_name,position_description,employee_id
800,General Manager,The hotel position:,1
801,IT Manager,The hotel position:,2
802,Head Chef,The hotel position:,3
803,Room Service,The hotel position:,4
804,General Manager,The hotel position:,5
805,IT Manager,The hotel position:,6
806,Head Chef,The hotel position:,7
807,Room Service,The hotel position:,8
808,General Manager,The hotel position:,9
809,IT Manager,The hotel position:,10
810,Head Chef,The hotel position:,11
811,Room Service,The hotel position:,12
812,General Manager,The hotel position:,13
813,IT Manager,The hotel position:,14
814,Head Chef,The hotel position:,15
815,Room Service,The hotel position:,16
816,General Manager,The hotel position:,17
817,IT Manager,The hotel position:,18
818,Head Chef,The hotel position:,19
819,Room Service,The hotel position:,20
820,General Manager,The hotel position:,21
821,IT Manager,The hotel position:,22
822,Head Chef,The hotel position:,23
823,Room Service,The hotel position:,24
824,General Manager,The hotel position:,25
825,IT Manager,The hotel position:,26
826,Head Chef,The hotel position:,27
827,Room Service,The hotel position:,28
828,General Manager,The hotel position:,29
829,IT Manager,The hotel position:,30
830,Head Chef,The hotel position:,31
831,Room Service,The hotel position:,32
832,General Manager,The hotel position:,33
833,IT Manager,The hotel position:,34
834,Head Chef,The hotel position:,35
835,Room Service,The hotel position:,36
836,General Manager,The hotel position:,37
837,IT Manager,The hotel position:,38
838,Head Chef,The hotel position:,39
839,Room Service,The hotel position:,40
840,General Manager,The hotel position:,41
841,IT Manager,The hotel position:,42
842,Head Chef,The hotel position:,43
843,Room Service,The hotel position:,44
844,General Manager,The hotel position:,45
845,IT Manager,The hotel position:,46
846,Head Chef,The hotel position:,47
847,Room Service,The hotel position:,48
848,General Manager,The hotel position:,49
849,IT Manager,The hotel position:,50
850,Head Chef,The hotel position:,51
851,Room Service,The hotel position:,52
852,General Manager,The hotel position:,53
853,IT Manager,The hotel position:,54
854,Head Chef,The hotel position:,55
855,Room Service,The hotel position:,56
856,General Manager,The hotel position:,57
857,IT Manager,The hotel position:,58
858,Head Chef,The hotel position:,59
859,Room Service,The hotel position:,60
860,General Manager,The hotel position:,61
861,IT Manager,The hotel position:,62
862,Head Chef,The hotel position:,63
863,Room Service,The hotel position:,64
864,General Manager,The hotel position:,65
865,IT Manager,The hotel position:,66
866,Head Chef,The hotel position:,67
867,Room Service,The hotel position:,68
868,General Manager,The hotel position:,69
869,IT Manager,The hotel position:,70
870,Head Chef,The hotel position:,71
871,Room Service,The hotel position:,72
872,General Manager,The hotel position:,73
873,IT Manager,The hotel position:,74
874,Head Chef,The hotel position:,75
875,Room Service,The hotel position:,76
876,General Manager,The hotel position:,77
877,IT Manager,The hotel position:,78
878,Head Chef,The hotel position:,79
879,Room Service,The hotel position:,80
880,General Manager,The hotel position:,81
881,IT Manager,The hotel position:,82
882,Head Chef,The hotel position:,83
883,Room Service,The hotel position:,84
884,General Manager,The hotel position:,85
885,IT Manager,The hotel position:,86
886,Head Chef,The hotel position:,87
887,Room Service,The hotel position:,88
888,General Manager,The hotel position:,89
889,IT Manager,The hotel position:,90
890,Head Chef,The hotel position:,91
891,Room Service,The hotel position:,92
892,General Manager,The hotel position:,93
893,IT Manager,The hotel position:,94
894,Head Chef,The hotel position:,95
895,Room Service,The hotel position:,96
896,General Manager,The hotel position:,97
897,IT Manager,The hotel position:,98
898,Head Chef,The hotel position:,99
899,Room Service,The hotel position:,100
